Time,V1,V2,V3,V4,V5,V6,V7,V8,V9,V10,V11,V12,V13,V14,V15,V16,V17,V18,V19,V20,V21,V22,V23,V24,V25,V26,V27,V28,Amount,Class
0.0,-0.172908,-0.207484,-0.133579,0.842380,-0.153106,-1.796824,0.398782,-0.320805,-0.260350,0.139062,0.278757,1.396270,0.787964,0.132609,-0.885986,-1.217595,0.295611,1.573297,0.049988,-0.127588,0.638131,-1.744254,-0.374733,0.588435,1.048085,-0.288756,0.451920,0.297856,297.39,0
15.5,-1.730861,-1.320539,-0.188930,-1.475530,1.153787,-0.196771,-2.137231,-0.724853,-1.755165,-1.617755,-1.656942,-0.875336,0.827537,0.245077,-0.119879,0.474465,0.059760,0.550521,-0.298188,1.679024,-0.762176,0.866359,0.238038,0.915318,1.598622,-0.672142,-0.569065,-0.465562,256.55,0
31.0,0.606831,1.002981,1.711614,-0.112833,-1.707551,-0.638492,1.143475,-1.732414,0.040238,0.303885,-0.378711,0.868358,0.696936,2.785690,0.743961,-0.731284,-0.674157,-0.997897,1.142728,-0.680199,-0.084313,0.899163,-0.868156,-0.352390,-2.209544,-1.298974,-0.681284,0.498913,349.15,0
46.5,-0.522984,-0.031341,0.553186,0.168724,-1.480593,-1.526817,-0.383804,0.204265,-2.942713,2.707581,-3.141120,-0.581104,0.116930,-0.139943,-0.332148,-1.785128,-0.920053,-0.217649,-0.369307,-0.451948,-1.210292,0.525861,2.348744,-0.701364,-0.118821,1.409086,1.148399,2.387762,305.33,0
62.0,-0.513366,1.634142,-0.535381,-0.437102,0.117332,-1.489547,0.263935,-1.451541,1.062238,0.003817,2.740118,0.337009,1.638827,-1.563917,-0.146567,0.387775,2.094865,-2.017099,1.188744,0.709625,1.840255,0.854863,0.062485,-0.625980,-1.497816,0.234507,-0.230036,2.424321,150.98,0
77.5,0.355167,1.451157,-0.101143,-0.797854,-1.481307,3.626599,-0.758135,-1.041803,-0.605753,-0.067168,0.172578,1.076364,-0.737648,-0.457203,0.085675,0.452482,-0.587965,-0.634880,1.970323,-1.331443,0.798527,0.381026,-0.406121,-0.727622,1.893486,2.075978,-1.224553,-0.586064,275.69,0
93.0,0.275682,-0.729612,1.045304,0.729081,-1.193991,0.621862,-0.235326,-1.779630,0.543540,-0.054258,-0.894339,0.627535,0.585712,-0.693045,0.480423,1.218078,-0.855200,0.457068,0.003307,2.719212,-2.234764,0.834341,-0.367494,-0.120237,2.281907,-0.010288,2.689132,-0.530578,297.8,0
108.5,0.694543,1.196801,0.274364,1.183596,1.092717,0.421836,0.938064,-0.086837,0.280881,-1.291984,-2.668041,1.401781,1.528046,-0.043959,-0.137239,-0.682289,-0.913755,3.023678,-1.318217,-0.715880,-0.005237,-0.411706,-1.224856,-0.715861,0.422504,-0.561106,0.475580,-0.119630,69.11,0
124.0,-1.488247,-1.011891,0.056299,0.603837,0.696221,-0.573850,-1.382331,-0.933338,-1.388369,0.772091,-2.774737,-0.399934,0.539854,1.826415,0.085560,1.201541,-0.478805,-0.893285,-0.809272,1.832803,1.193065,0.584878,3.996323,-0.038810,0.744420,0.369110,-0.266263,2.779406,308.9,0
139.5,0.836587,-0.792857,1.245085,1.901882,-0.475004,-1.580702,1.742633,-0.140089,2.209263,0.108682,-0.540637,1.686278,0.597585,-0.241261,0.427295,0.378762,-0.903885,-0.314068,-1.509118,-1.168010,0.489214,1.630121,-0.121937,1.384227,1.922909,-1.300873,1.053669,0.690223,100.45,0
155.0,2.060245,0.045906,-0.609160,-0.709737,-0.083708,-1.517719,-0.150313,0.073419,2.213614,1.132169,1.240835,-0.855538,0.803906,-1.367259,0.374353,0.502485,-0.919691,2.399256,0.680848,-2.283274,0.663432,-0.488894,0.001651,0.558918,0.468639,-2.446982,-1.389984,0.927149,58.32,0
170.5,2.170584,-1.023382,2.165239,-0.326141,0.197619,-0.182294,-0.090922,-1.074485,1.959524,-0.909842,1.438315,-1.650920,-0.222558,2.099845,1.893841,1.528924,0.536767,-0.660643,0.541467,-1.217804,-0.726465,2.010267,0.036848,0.260029,0.374420,1.002858,2.062218,-2.358387,101.3,0
186.0,-0.764010,-0.941235,1.477129,-0.175774,0.551326,-0.221348,0.739691,-0.139175,0.916625,-0.219853,0.995505,0.806861,-0.139932,-1.031733,-1.128144,-0.888884,-1.181385,1.038956,-0.055923,1.884121,2.735196,0.029067,-1.857621,-0.457744,-0.090418,-1.786131,-0.300592,0.344336,730.73,1
201.5,-0.502970,0.912181,1.105657,-1.562414,-0.320991,0.981144,-1.021473,0.662809,-0.177175,0.600599,-2.500950,1.365790,-1.142553,-2.325505,-0.759522,-0.673989,-0.032656,-0.010145,-0.292416,1.238075,-1.533610,-0.842918,-1.265290,0.282925,0.307180,1.323426,1.740372,-1.244831,63.54,0
217.0,1.244313,0.733729,-0.727541,-0.804020,0.834182,-1.819288,-0.399147,-0.757256,0.083853,0.253352,0.044145,1.361818,0.273676,-0.377991,-1.453026,0.866220,0.633776,1.740971,-0.896946,0.031702,-0.070431,-0.105133,0.012468,-2.057447,0.989983,0.783847,1.356568,2.699489,183.7,0
232.5,0.863688,0.281940,0.767608,-1.080086,0.565407,-1.688846,1.609753,-0.122697,2.405170,-0.780825,-1.453291,-1.243635,-2.260152,-0.067875,-2.444792,-0.758375,-0.054265,-1.360521,-0.052202,0.902895,-1.326336,-1.556133,-1.669645,-0.224793,-0.074189,0.476201,-0.212719,0.931607,115.3,0
248.0,-0.634196,-0.163480,0.216912,1.833818,-0.118240,-0.420959,-1.255004,0.823263,-0.705174,0.412422,-2.281932,1.251824,-1.598325,-0.932811,1.270297,-1.601365,-0.095346,0.089107,-1.198268,1.611520,1.798534,-2.365941,-1.738788,0.969879,-1.563629,-0.466365,0.155463,0.830220,155.36,0
263.5,1.068194,0.196993,-0.526025,-1.102393,0.685333,1.159578,1.164308,1.203405,1.183891,0.202535,-0.258592,-0.110732,-0.404412,-0.506414,-0.374362,0.091873,-0.600103,0.569926,-0.942971,1.798804,-1.453256,1.379790,0.450476,-0.796449,0.206675,0.116865,-5.015202,-1.268190,125.74,0
279.0,-1.228172,-1.693656,-1.163681,-1.639377,0.760449,-0.249138,0.684378,0.088118,1.252859,1.272231,-0.774406,-0.329179,-0.639394,-1.945574,0.810261,1.426554,-0.007714,-0.591831,1.309086,-2.813955,0.212970,0.171941,-0.685028,1.669889,1.164883,-0.313389,-0.104035,-0.465629,243.26,0
294.5,-0.387819,-0.398905,0.329242,-2.315371,-0.492250,-0.359590,2.085728,-0.212450,-0.727829,1.039704,-0.979243,1.035320,-1.266757,1.962370,0.248799,-0.509231,1.653577,-0.415855,0.892800,-1.655712,-1.794138,0.769882,0.929886,-0.204950,0.533382,-1.393015,-1.276543,0.132839,257.2,0
310.0,-0.270383,2.328880,0.248207,-0.446616,0.660327,-0.607474,-1.607170,0.362337,-0.209843,0.199578,0.450549,-0.612384,0.505892,2.085236,-1.329359,2.084911,-0.291364,-0.919952,2.912665,0.186026,1.644484,0.981113,-2.016714,0.144984,-0.630384,-1.610151,-2.126054,0.122748,37.1,0
325.5,0.326831,1.811861,-0.547842,1.486256,-1.455733,0.246904,-1.772808,0.896233,-0.908766,1.633746,-0.119668,0.905317,0.569954,0.539660,1.086686,1.014760,0.058756,-0.765657,0.289481,1.350132,-0.522929,-3.246824,-0.967128,-0.150917,0.636283,0.465508,0.106418,0.747163,9.88,0
341.0,-0.938933,-0.204525,1.503746,-0.245004,-0.202277,-0.589804,0.944623,-1.025615,1.092603,-1.124368,-1.269337,0.247127,0.156215,0.357069,1.275045,-0.494995,0.531592,-1.091781,1.511003,0.758950,0.643823,0.225454,-0.942719,-0.392846,0.602135,-0.023021,0.148494,-1.631783,277.81,0
356.5,0.222047,1.442222,-1.235432,0.397006,2.325114,-2.804595,-0.570010,1.571473,-1.520753,-1.252147,0.775032,-0.264862,0.427599,1.711070,0.408850,0.618655,0.078253,0.039912,-1.533536,0.492916,-0.223221,0.841683,-0.499562,-1.801861,-1.754175,0.521233,1.876144,-0.972170,220.65,0
372.0,-1.480211,-2.371218,-1.341586,0.682097,-1.573625,-2.099571,0.213916,-0.409406,0.518628,0.888672,-0.010199,-1.557313,-0.148560,0.600311,-0.699587,-1.724953,1.323134,-0.498297,-0.491076,0.019155,1.236567,0.316344,-0.399871,0.818560,2.576429,1.665344,0.807446,-1.346737,333.02,0
387.5,1.792458,-0.004816,-0.042053,0.341312,0.053287,-1.352159,-1.549609,-2.175958,0.664427,1.446969,-0.924649,-1.045953,0.932357,0.601952,-0.893362,1.547908,0.672462,-0.836855,-0.342935,-0.928196,2.070302,-0.742512,-1.256857,-0.409221,-0.418211,0.974529,1.199817,-0.227434,182.54,0
403.0,1.752156,-0.131040,-1.195033,-0.327680,0.434660,1.050903,0.068060,-1.680267,0.050789,-0.808030,-2.619883,-0.837072,-1.718941,0.704225,2.332998,2.230504,-0.687850,-0.560873,0.826538,1.273543,-0.502486,-0.171163,2.648315,-0.128942,-0.582386,0.143897,0.695643,-1.225970,252.23,0
418.5,-0.957630,-0.053438,1.706302,-2.896654,0.059824,1.517969,-2.016531,1.809904,-2.464533,-0.127725,0.633693,-0.727704,0.309044,-1.203454,1.308501,-0.573591,0.419681,-0.883933,-0.479318,1.522047,1.391801,-0.009599,0.887886,1.199662,-0.855642,1.256932,-1.273889,-0.356511,116.01,0
434.0,0.697704,1.719516,-0.787702,-0.381590,0.057295,-0.353903,-0.062389,-1.874614,0.446106,-1.098230,-1.148354,-1.905751,1.393202,-0.168731,1.379390,0.326762,-2.044033,-1.300436,0.909518,-0.918819,-1.308413,-0.215255,-0.212361,-1.214241,-0.391374,-0.574191,-3.107988,0.603196,121.8,0
449.5,-0.612401,-1.626994,1.400584,-1.883448,0.744188,-0.907177,-0.777326,1.746065,0.143759,-2.430731,0.440349,0.101045,-1.836100,-1.984056,1.988588,-0.032165,-0.499971,0.220204,-1.625207,-1.814456,-1.732301,0.639963,0.302495,-0.209984,0.285893,-0.958296,-0.475488,0.476439,188.25,0
465.0,-1.948245,-0.856603,0.234530,0.426505,1.148682,-1.210363,0.152651,2.646425,0.830306,1.044675,-0.023025,0.921152,2.164788,0.127970,1.468774,-1.050167,0.708119,1.085060,-0.902404,1.317749,-0.810296,-0.966287,-0.001431,2.318388,0.370984,1.122942,-0.878157,0.092997,202.31,0
480.5,-3.355579,-1.704761,-0.929286,3.181399,-0.524086,-0.805873,-1.671551,-0.734958,-0.012745,-0.380350,-1.103477,-0.871672,0.812038,-0.558184,0.495663,-1.563508,-1.023658,1.366583,-1.309551,-1.243622,-0.319827,-1.731403,0.889613,-1.434723,1.421175,-0.986811,-0.468231,1.206182,204.95,0
496.0,-0.057691,-0.518371,-0.556768,1.911455,0.287777,0.570454,-3.103248,-0.784481,-2.605208,-0.511445,0.447972,-0.809157,0.622331,-1.227300,0.690964,-1.864331,-0.314026,0.503769,0.643105,-0.152716,2.327657,-0.497304,-0.541195,-3.311409,2.122721,-0.442798,-1.411219,1.585085,9.8,0
511.5,-1.286977,-0.301053,-0.835545,-1.585974,-1.923485,-1.130382,0.534722,-0.210578,0.027415,0.268769,1.150759,-1.024405,0.731373,-0.430947,2.062182,0.865089,0.857390,-0.548755,-0.552181,0.358775,0.964642,-0.338679,-0.542065,0.025138,0.492096,-0.421578,-1.712759,0.513469,261.38,0
527.0,1.179418,-0.416480,-0.033760,-0.694464,-0.471488,0.279299,-1.226231,0.082200,0.295266,-0.092827,-0.892356,0.943944,2.247164,-0.721492,1.481355,1.067117,-3.183902,-0.913433,-0.763008,0.938126,0.226185,0.569278,0.763535,-1.078700,-0.895860,-1.467467,-0.204325,-0.142924,828.65,1
542.5,0.025150,0.622077,-0.415705,-0.178584,0.077752,-0.813935,0.514337,2.367394,-0.321272,0.597130,0.073338,-0.052910,0.422452,-0.521197,0.624075,0.664506,0.806351,1.570268,0.204933,0.033489,0.219913,-0.856848,-0.332000,0.664212,1.868455,0.638391,-1.959092,-0.324002,169.3,0
558.0,0.252181,-1.417726,1.100051,0.899082,0.336514,-0.120161,0.499562,-2.357998,-1.316184,-0.178480,0.414311,-0.095275,-1.205532,0.160135,-0.544441,-1.282316,0.395402,-0.251974,1.435780,0.798638,0.881606,0.386000,-1.014214,-1.122753,-1.765390,3.454815,-1.295334,-0.251798,213.87,0
573.5,1.515837,1.089410,1.047884,-1.390317,0.227861,-1.903385,0.286730,1.283632,0.147085,1.081847,-1.191830,0.358482,1.046649,0.712127,-0.590860,-1.000637,1.560510,2.224506,2.067112,0.927609,0.450638,0.298982,-0.154262,-2.187705,-1.495718,-0.553089,-0.993890,-0.405014,47.17,0
589.0,-1.075845,1.412489,0.004314,-2.415338,-0.570381,-3.102222,-0.902074,-0.658953,-0.732492,-0.390304,-0.472922,-0.712481,1.802996,1.457883,-1.370209,1.504680,-1.945641,-0.977535,1.830231,-2.687464,0.689743,-1.504193,-0.172800,-0.216244,2.036645,-0.972724,-0.082818,0.752424,247.43,0
604.5,-0.396079,1.019333,2.421602,0.092947,-1.110546,-0.491561,1.067793,1.322143,1.950229,0.380378,0.272137,1.222262,-0.623630,0.970562,-0.368954,-2.045344,-0.460744,-0.208360,0.664311,0.227952,-1.326254,-1.211959,-0.244651,1.750310,-1.291049,0.116627,-0.291905,1.991189,44.27,0
620.0,-0.885907,0.417464,-0.601919,-1.248188,-0.182010,-0.317392,-1.284050,0.992612,1.015215,0.049072,0.157248,0.632770,-0.037107,1.069551,1.987210,0.096592,0.528304,1.048142,-0.405651,-1.353965,1.087201,-1.882517,2.146604,1.044520,0.225229,0.061315,2.101630,-1.135471,203.64,0
635.5,-1.689701,-0.839653,-0.516011,0.293495,1.054354,0.138965,0.527673,-1.579250,1.328538,-2.345380,1.969148,1.217441,0.067169,1.598554,-1.190918,-0.180673,-0.404098,1.015513,-0.363010,0.631174,-0.589208,-0.038866,-2.603977,-0.163041,-1.131035,1.569656,0.925477,-2.000944,86.51,0
651.0,0.481855,0.632981,-1.622512,-1.216607,-0.419216,-0.621121,0.200424,-1.386509,0.056614,-2.026183,-2.586132,0.859996,-1.566376,-0.671901,-1.700836,-1.690645,-0.478628,-0.492154,1.179105,0.539414,-0.313342,0.909220,1.339865,0.493558,-0.487579,1.222324,2.122226,0.792641,31.47,0
666.5,1.551999,-1.777210,-1.070605,-0.943965,-1.483921,0.354171,0.662968,-2.464864,-2.078207,0.679097,-0.611357,-0.862221,-0.678245,0.104677,0.519092,0.212626,0.886990,-0.651901,-0.316204,-1.386579,0.423399,0.800379,-1.193609,0.492141,-0.698384,-0.100506,-0.682584,0.701262,146.03,0
682.0,-0.853853,1.376470,0.422688,-1.680099,0.489504,0.215166,-0.426788,-0.883504,-0.288232,-1.730588,2.028863,-1.353935,-0.793540,1.373879,0.702037,0.864294,1.820050,-0.374571,-1.255794,1.013122,0.955534,-0.392267,-1.518696,1.486981,0.691017,-1.648169,0.935945,-1.729173,241.47,0
697.5,-1.705714,-0.285488,-1.008158,0.526463,-0.491733,0.575031,0.650280,2.841404,-0.856935,0.074105,0.312178,0.365818,0.309835,-0.459449,0.297984,-2.258874,0.247875,-0.222206,-1.061044,1.749567,0.793142,0.855846,1.186050,1.928575,0.288624,-2.164519,0.651688,1.110513,146.75,0
713.0,-0.394461,-0.790844,-0.922998,0.337559,-0.012046,-1.309968,-1.009197,-0.219008,0.486177,-1.259657,0.585728,-0.988803,3.273294,-1.129203,-0.948151,0.232804,-1.082857,0.993157,2.161700,-0.465144,0.207325,-0.621312,-0.000035,1.718081,1.073095,-1.085070,1.855085,1.394474,298.65,0
728.5,-0.445058,1.987377,-0.371834,2.578800,0.773845,1.028626,0.802609,-0.280932,-1.060957,0.336432,0.391447,0.066217,-0.879943,-0.011098,1.162587,-0.040007,2.730213,0.488661,0.924045,-1.472856,0.167862,-0.631003,-0.518586,2.197787,-0.218048,-0.618696,-0.361065,-1.258606,6.81,0
744.0,0.810715,0.440572,0.770364,-1.303303,-0.209547,-1.454968,0.757532,0.636260,-0.118578,0.356159,-1.867820,1.029510,-0.560725,0.154861,1.338444,-0.907801,1.436680,0.148890,0.033828,0.667255,-1.496431,0.712927,0.073811,1.243532,-0.260168,-0.435981,0.443566,-0.071241,186.49,0
759.5,-3.576496,-0.164783,-1.125583,-0.398473,-1.675331,0.318113,0.911413,-0.109096,2.104282,0.215497,-1.094049,1.614150,-1.427860,-1.487529,-0.100280,-1.074321,1.449942,0.414692,0.289278,-0.686047,0.244253,-1.318984,-0.570652,-1.597293,0.163278,-0.401319,0.217468,-1.309570,106.24,0
775.0,0.770336,0.217551,2.696734,0.726935,-3.591578,-0.348240,-0.883891,-0.244976,0.016159,-0.781372,-1.301901,1.636087,0.716810,-0.804887,0.815580,0.810217,1.520769,-1.266376,0.935858,-0.729346,1.386053,-0.230939,-2.726135,0.042425,-2.140995,-0.260579,-0.069830,-0.481566,212.85,0
790.5,0.661614,-1.353939,-0.212113,0.441999,-0.545108,-0.870019,-1.010742,-0.760095,-0.412701,-1.037880,2.338844,0.637548,-2.557362,3.403444,-0.515911,3.317287,0.448815,-0.152391,-0.740486,-0.867136,0.571176,-1.717565,0.637012,-0.194703,-1.632331,-1.308972,0.437056,0.097114,273.59,0
806.0,-0.787039,0.877840,-1.491950,-0.670762,-1.261356,-2.640021,-1.412751,1.466793,-1.317386,-0.660038,-1.393168,1.038729,0.001437,0.588894,-0.126824,-1.405232,-1.168731,1.004719,-0.068888,0.929282,-3.795115,1.332130,-0.592761,2.607429,-0.612906,0.033923,0.792453,-1.050954,315.04,0
821.5,-0.484133,0.173916,-0.961983,-2.110346,-0.469472,1.004423,1.376869,0.595199,1.817800,-1.478371,-0.653064,-2.669110,-1.382643,-1.622993,-0.609505,-0.033565,0.198932,0.625330,0.069507,-0.268103,-1.085694,-0.383350,0.502823,-1.434375,-0.388625,-0.329595,-1.726411,4.417838,253.01,0
837.0,-2.028083,-0.330310,0.208873,-0.420731,1.694944,-0.297135,-1.723017,0.560147,-1.377222,2.039871,0.324113,-1.683941,1.295270,2.843096,-2.404867,1.083688,0.580833,0.210816,0.411994,0.590263,-0.831606,1.693188,-1.619429,2.350276,1.833225,-1.423362,-0.006480,1.703831,195.04,0
852.5,0.719946,0.721489,-1.386882,-0.296109,1.399349,2.494521,0.996408,1.450321,-0.300145,-1.608126,0.848693,-1.291481,0.131093,-0.256343,1.649081,0.484295,-1.542788,-0.807841,0.132493,-1.238693,-0.904926,-1.079858,-0.692191,-0.711275,1.327472,-0.370785,0.614482,-1.717339,107.61,0
868.0,0.378256,0.186702,-1.282686,0.511533,0.467002,1.571364,-0.731965,1.764533,-0.236181,-2.371215,0.627715,-0.097908,-1.058821,1.119888,-0.565954,1.220263,-0.099241,0.900386,0.815373,0.567801,-1.238452,1.103656,0.026114,2.402713,0.574404,0.901351,-0.917872,-0.487370,268.28,0
883.5,-1.442950,0.015726,-1.030783,0.008033,2.861693,0.419693,-3.128212,-0.107053,0.243242,1.092861,1.332377,0.437923,1.292375,-1.178356,-1.463195,0.273532,0.730526,-1.043995,1.430861,-1.302711,0.099606,-1.141152,-1.265128,0.912124,0.519098,1.432110,1.272534,0.633670,810.76,1
899.0,-0.669711,3.544535,-0.255610,-0.546750,1.186172,-0.187239,0.304011,-1.048939,1.866274,-0.753210,0.450420,1.358829,-0.365406,-0.000179,0.703816,0.819218,-1.308118,0.217780,-1.134443,-0.894444,-0.778069,1.459173,1.915893,3.126543,-0.067861,-1.009688,-1.163378,1.928977,188.66,0
914.5,-0.259708,-0.979241,0.461797,-1.053522,-1.545236,-2.977285,-1.852673,-1.075373,-0.282845,-1.809665,1.342396,0.226880,2.052637,-0.430858,0.257819,-1.554270,-0.283879,-1.562714,0.809362,1.483510,-1.680654,-1.572998,1.086239,1.451966,2.862696,0.575421,0.180902,0.149456,113.22,0
930.0,1.066841,1.496499,-1.752571,1.106394,2.139387,-1.167035,-0.038245,-0.428645,0.529001,0.623990,-0.803155,1.575068,-1.028017,-0.165983,1.228311,2.344125,-0.615186,0.938754,0.264050,-1.898932,-1.146226,-1.445725,-0.603980,-0.500146,0.033539,1.533233,0.506971,3.183675,107.68,0
945.5,-0.198444,0.793469,-0.292443,-1.006319,-1.626128,2.273938,0.269950,-0.920417,1.299810,1.249729,-2.444936,2.304805,1.243071,-2.713116,0.334476,-0.936127,-0.444843,1.846244,-0.738167,1.066411,-0.055474,1.369356,0.442721,1.425311,1.690669,-0.756676,1.079582,1.260383,207.46,0
961.0,0.084625,1.784471,-1.678112,-0.331512,1.172460,0.401349,-0.112509,-0.540855,0.015914,-0.121277,-2.623754,-0.858940,-2.339507,1.549268,0.987178,-0.945881,0.965853,2.938377,-0.747692,1.559130,0.435006,-0.284039,-1.327093,-0.667110,-0.473895,-2.778931,0.636554,-0.386078,309.37,0
976.5,1.211419,2.406958,1.206784,-0.021447,-2.817374,0.081738,2.661488,-0.645490,0.117050,-0.114513,-0.520408,-0.236794,0.976436,-0.104734,1.498856,-0.102818,-2.832418,0.108391,0.799713,-1.085437,0.206303,0.549212,0.694951,1.133965,-0.035150,0.769518,-0.178258,-2.115050,200.88,0
992.0,0.034101,-0.744712,1.582837,-2.010507,0.671680,-1.278476,1.526469,0.925395,0.263197,0.605926,-0.404256,0.810933,-0.059552,0.877445,0.070292,-2.977430,-0.616389,1.820991,1.743048,0.125459,-0.151240,-0.402298,0.756673,0.694845,-1.174910,0.793980,1.479476,-1.145838,112.29,0
1007.5,1.977034,1.797051,-0.462710,1.591255,0.123862,0.630532,1.138163,1.634361,-0.979631,-0.767191,-1.289600,-0.412170,-1.723509,-0.413981,0.178420,0.887116,0.072606,-2.437390,1.136703,0.642417,-0.138616,-0.463672,-0.394120,-0.168113,-1.360746,-0.420017,-0.613671,-0.301599,118.2,0
1023.0,-0.591692,-0.076038,0.439044,1.525552,1.206287,0.775582,0.475467,-1.230338,-1.321152,-0.110226,1.249900,0.474424,0.673315,-1.801867,-1.753985,1.343861,-0.041566,-1.576425,1.058601,0.309643,3.541757,1.500001,0.416037,-0.181331,0.278755,-0.123183,-1.726556,1.113027,269.21,0
1038.5,1.713103,-0.234666,-3.309986,1.809890,-1.791384,1.630454,0.970532,-0.643936,-0.724803,-1.611476,-1.694205,-0.427067,-0.433707,0.614883,-1.432046,-0.341506,-0.118118,-0.843544,0.257298,0.005616,-0.537233,1.713195,-1.421345,-0.407573,0.402523,-0.810532,-0.547481,0.793100,328.41,0
1054.0,-0.091776,-0.580013,0.456714,-1.164671,0.250690,-2.476916,0.811313,0.080014,0.252685,0.185771,-1.528507,-1.078346,1.879710,0.593517,-0.716716,0.505297,0.489253,2.345381,1.332421,0.493402,-0.539022,2.140428,-0.121858,-1.044614,-1.464296,-1.034876,-0.436902,0.918482,54.42,0
1069.5,-0.453525,-0.716754,-0.132792,0.404355,2.341643,-0.784989,1.429857,-0.887656,-1.259645,0.620035,2.816796,-0.495436,-0.999247,-1.854508,-0.521221,1.130907,0.690187,0.940207,0.037711,-1.358754,0.593205,-0.823628,-0.572242,-2.095739,1.326633,-0.787483,1.500628,-0.307952,51.26,0
1085.0,0.036294,0.808315,-1.639189,-2.160656,0.302954,-0.433177,-0.124048,-0.770196,-0.207851,1.783808,-1.947924,-1.470637,0.769922,1.880889,-0.246779,-1.515259,-2.401344,0.312651,-1.499225,2.610695,2.809924,0.271562,0.582554,-0.141495,1.370155,-0.003685,0.076028,1.632484,75.56,0
1100.5,1.309690,-0.773145,0.187502,-1.159595,-1.107031,-0.237611,-0.104451,1.435319,-0.546718,0.009354,1.341880,-0.158237,1.421635,-2.248524,-0.853175,0.900513,-0.784038,-0.324902,0.567463,0.740393,1.447974,-0.629207,-0.599609,0.341621,-0.564241,1.028412,0.705960,-1.222237,230.84,0
1116.0,-0.368432,-0.849150,1.359901,-2.816463,-0.876939,-1.083317,1.049877,1.860506,0.930563,1.674342,-2.669465,0.196320,-1.659640,-0.449958,0.293606,0.113550,1.650905,-2.374362,-1.002884,-1.776756,-1.966549,1.206935,0.218903,1.867937,1.422248,0.081780,-1.163540,1.190150,235.03,0
1131.5,-1.025507,-0.921653,-0.137825,0.010538,-0.175626,-0.059076,-0.945454,-0.176772,0.220926,-0.031472,0.694441,-1.657140,0.909717,-2.469829,0.422505,0.336388,0.464865,0.630599,-2.174835,-0.364885,-0.131104,1.199638,-0.855432,0.876637,-3.350828,-1.450087,0.275264,1.800668,297.51,0
1147.0,-1.348758,-1.951116,0.032005,-0.530745,-1.104794,1.047127,0.155193,0.057104,0.669740,1.243743,-1.923389,0.848016,-2.170724,-0.953260,1.214575,0.829467,0.797689,0.218502,1.695572,-1.848961,-0.366186,0.056819,2.442342,1.231860,1.246113,-0.913615,2.699594,0.566170,113.5,0
1162.5,1.549409,-0.382610,0.026846,-1.895102,-0.385426,0.286383,0.465281,0.758737,0.604253,-1.026875,0.857615,-0.652163,0.023219,-0.658533,1.920906,-0.139308,-3.247583,-0.016178,1.213920,0.425839,0.579071,-0.929489,0.355847,-2.965716,-1.647684,1.250067,0.942352,0.177467,347.44,0
1178.0,-1.123436,0.066405,1.189766,-0.461207,-0.754251,-1.594921,1.430442,0.854404,0.563920,-1.810555,0.604299,0.342365,-0.405677,-1.652089,-0.068019,-1.045010,0.096042,0.076008,-0.405790,1.058428,-0.079261,0.634904,0.502083,1.209808,-1.156872,-0.414366,1.106393,0.184239,37.11,0
1193.5,-0.867432,-0.614080,-0.748795,0.658165,-0.384519,0.327160,2.118278,-1.516036,1.548586,-0.213719,0.568658,1.027995,0.653193,0.777960,-0.433448,0.018738,-1.150498,0.500646,-0.477768,0.047492,-0.009644,0.902977,-1.138764,-1.139246,0.191508,0.537737,-0.985186,2.755020,119.61,0
1209.0,-1.577647,-1.485099,-0.519207,0.950910,0.950717,-2.179093,0.640675,-0.104672,-1.250527,2.628930,0.316749,0.992898,3.081031,-0.697343,-0.476148,1.786819,-1.569205,0.088759,0.055458,1.164217,0.486469,-1.095816,1.166696,1.014179,-1.261205,-0.825364,-0.630969,-1.379208,961.45,1
1224.5,-1.829350,0.449873,-0.922343,0.375579,-0.779840,-2.077009,0.348318,-1.180707,-1.699846,0.007442,0.088169,1.757241,-0.458758,-2.066778,3.281146,1.645042,-1.204192,0.158011,-2.697346,-0.112135,-0.538292,-1.403409,0.286678,-1.095904,1.179404,-0.908902,-0.326807,-0.385971,270.29,0
1240.0,-0.616394,-0.939677,-0.217796,-0.288186,1.795678,-0.185598,-1.619964,1.182928,1.243839,-0.272155,0.926550,0.061496,-1.448158,-0.097290,-1.373614,-0.760986,-1.126677,0.399414,0.223780,-1.583615,-1.103826,-0.003230,0.557242,0.086689,-2.648153,1.544286,2.126774,1.900551,53.88,0
1255.5,-0.501533,1.224049,0.368963,1.327940,-1.274162,0.192278,-0.345269,-0.993419,-0.679466,2.079435,1.750004,1.544503,-1.079146,-1.446161,1.767407,2.961029,0.028412,0.742506,0.822645,1.298727,0.842080,-0.224902,-0.633921,0.430536,-0.810772,-0.986081,1.628217,0.302043,73.08,0
1271.0,-0.996524,-0.651937,-0.228562,-0.781865,0.031890,-2.182361,0.513521,0.212948,0.535475,-0.556196,-0.609864,1.178833,-0.185404,2.383859,-1.687341,-0.296838,-1.352848,-0.944093,-0.947990,-0.576879,0.939411,-1.372673,0.732014,-1.729065,-0.486631,1.583771,0.554451,0.326736,45.66,0
1286.5,-0.260189,0.717324,-0.499338,-1.345348,-0.569264,0.321208,-0.572916,0.513406,-1.215940,-1.388008,-3.149248,-4.073716,-1.309812,-0.470749,0.663333,0.804881,-0.379633,0.120716,-0.105376,0.128955,1.442331,1.668159,1.387377,-0.320850,-1.822316,0.057614,-1.981680,1.161392,173.6,0
1302.0,0.260834,0.149148,0.069236,-0.995022,-0.231799,1.472324,0.652228,1.155406,-0.096098,-2.042740,-0.559762,-0.180814,1.561810,1.363145,0.509814,-1.027833,0.154137,-0.314078,-0.292210,-1.480227,0.556686,-0.035811,0.965258,-1.753952,-1.352378,4.375527,-1.056060,0.345099,286.77,0
1317.5,-3.558180,1.432893,0.141514,-0.871093,0.594777,-1.483070,-1.117040,1.524728,-0.485674,-0.535575,0.523440,0.626573,0.112192,0.404533,-0.577067,0.785766,-1.029907,-0.255958,-0.282361,-0.950758,-0.257862,2.356990,1.802253,-0.164786,2.543722,1.733977,0.597951,-2.621558,347.41,0
1333.0,0.419407,-0.463562,0.606108,-0.678172,-0.541238,-2.187394,0.129808,-1.797506,-1.571603,0.104244,-0.145619,1.232508,-1.623756,0.505214,0.387000,-0.362845,-0.964363,-0.094911,1.060783,-0.448507,1.016754,-0.328570,2.069755,0.032164,-0.210651,-1.932994,-1.712582,0.457548,128.59,0
1348.5,1.367883,0.574978,0.255293,1.245763,0.225298,0.921868,0.514883,-0.960104,-1.368541,-0.729386,-1.096715,0.101321,-0.155452,-0.344588,1.702626,1.230093,-0.598286,0.155291,0.810524,-1.009727,3.021897,0.012834,0.540982,1.751369,1.174976,1.281755,1.508988,2.344356,99.54,0
1364.0,-0.514037,-0.752187,-1.799396,1.872218,0.610315,1.039801,-0.635877,1.748641,0.174243,1.743164,-0.016048,-0.053598,-0.633545,0.092984,0.269981,1.791236,1.847655,0.107936,1.462846,-3.261182,-0.564351,0.299654,1.064546,0.507721,-0.067264,-0.553797,-0.959719,2.282353,52.31,0
1379.5,0.294815,-1.985503,2.530593,2.803872,0.920090,1.153696,1.736401,0.092548,-1.786790,0.706149,-0.476667,-0.495483,-1.553795,0.962810,0.325650,-0.393832,1.618792,1.183365,-0.999118,-0.630314,1.015164,-0.238674,0.616820,0.743990,1.315120,0.769404,-1.327853,-0.964842,273.74,0
1395.0,-0.850824,-2.167859,-0.553439,-0.853067,-1.423458,-0.159407,-0.013609,-1.004368,2.414366,0.861849,1.345988,-0.394060,1.072319,0.918690,-1.222208,-0.818652,3.498267,-0.493461,0.584233,-0.257522,0.997677,-1.193502,-1.206351,1.361209,0.238239,-2.973145,0.028097,-0.218361,28.3,0
1410.5,-0.026168,0.341121,1.966746,0.785400,-1.687431,-0.070129,-1.243444,-0.008195,-0.148416,-0.475102,-1.616746,-0.378113,-0.177495,1.018219,-0.806779,-0.057402,0.530835,-1.390002,-1.316446,1.078906,0.918820,-1.564243,1.700615,0.750111,-0.291761,-2.304681,0.476206,0.181333,547.15,1
1426.0,-1.574090,0.474830,-0.718642,1.839007,-0.035506,-0.604216,-0.487849,-1.801077,1.529348,2.543226,-2.075756,-0.302152,-0.132486,-0.713132,1.461044,1.496927,-0.294412,2.485539,0.039325,-0.290285,0.335764,-0.895239,1.743760,0.739963,-0.425935,-0.222622,-1.089327,0.315011,177.37,0
1441.5,-1.048983,-0.468771,-0.017974,0.558951,-1.718619,-0.860936,0.193566,1.417773,2.301341,0.653542,0.046404,1.354954,-0.507555,0.459052,2.150633,-0.992929,-2.512555,-0.866679,-0.073343,-1.249122,-0.542861,1.120530,-0.177185,-0.938051,1.023056,0.544870,-2.585884,-0.033162,66.87,0
1457.0,1.134338,-3.192343,0.434774,-0.129045,-0.953999,0.212651,0.599761,-0.884355,-0.143432,-0.049704,0.471470,1.472130,-0.556740,1.580301,-1.565066,0.360933,-2.063530,0.086132,0.866705,2.427563,0.059228,-0.897978,1.231795,0.049389,0.118005,1.100421,1.311300,-2.078555,333.09,0
1472.5,1.756122,0.016133,1.127129,-1.571912,1.170805,0.895849,0.103741,1.392821,3.799613,1.501477,-0.126538,-0.514973,2.253280,-1.215358,-1.849943,-0.230859,-2.262737,2.335199,0.463147,0.273521,1.485046,1.653077,1.385707,0.704195,-2.842140,1.230267,0.077482,0.930074,113.68,0
1488.0,0.585092,-1.769769,-0.096496,-1.045554,-0.065020,0.468325,0.611298,1.996542,-0.600980,-0.353932,0.688834,1.154383,-1.237709,0.824061,0.798575,-0.180428,-0.337322,0.879177,0.512604,0.480844,-0.878152,-2.066764,-0.112804,-0.325319,0.549778,-0.917416,0.761636,0.491531,127.73,0
1503.5,-1.798082,-0.152427,-0.234243,3.661938,1.198391,0.237061,-1.903415,0.589481,0.001237,1.336238,0.218773,-0.621140,2.254055,0.169661,0.631366,-0.069433,0.517094,-1.036114,-1.179373,-1.260619,-0.807260,-0.459269,0.096779,-0.232622,2.379699,1.020429,-0.590755,0.219286,317.25,0
1519.0,0.515052,-0.945921,1.286419,0.353630,0.772397,1.363880,0.523722,-1.083045,1.788386,0.335127,0.388989,0.738114,0.374080,0.897538,0.236950,-0.213107,-0.660220,-0.613590,-0.345801,1.187327,-0.404272,-0.133293,-0.121275,0.640641,0.778777,2.369335,-1.671676,-0.273540,281.75,0
1534.5,1.006269,-3.476130,0.225475,-1.109268,-1.328086,-0.381485,1.209674,-0.739440,-0.577251,0.487517,-0.353868,0.765983,1.652528,-1.269160,3.458591,1.334063,-2.012862,-0.376538,3.241716,-0.008030,1.419071,1.032846,-0.228978,2.197125,0.353275,-0.202213,0.844411,-0.019146,297.04,0
